クラブ,年,所属,id,呼称,ライセンス,順位,勝ち点,PPG,昇降格,営業収入,営業費用,営業利益,営業外収益,営業外費用,経常利益,特別利益,特別損失,税引前当期利益,法人税および住民税等,当期純利益,関連する法人の営業収入,総資産,流動資産,固定資産等,総負債,流動負債,固定負債,純資産,資本金,資本剰余金等,利益剰余金,広告料収入,入場料収入,Jリーグ配分金,アカデミー関連収入,物販収入,その他収入,チーム人件費,試合関連経費,トップチーム運営経費,アカデミー運営経費,女子チーム運営経費,物販関連費,事業費,販売費および一般管理費,総入場者数,ホーム総試合数,リーグ平均入場者数,客単価,リーグ戦入場者数,リーグ戦ホーム試合数,リーグカップ入場者数,リーグカップホーム試合数,PO入場者数,POホーム試合数,ACL入場者数,ACLホーム試合数,セカンドチーム入場者数,セカンドチームホーム試合数
仙台,2011,J1,vegalta,ベガルタ仙台,,4,56,1.6471,,2097,2038,59,23,1,81,80,44,117,58,59,,1319,924,394,678,568,109,640,453,0,186,682,689,238,67,,421,1007,117,150,71,0,,,693,266144,17,15656,2589,266144,17,0,0,0,0,0,0,,
鹿島,2011,J1,antlers,鹿島アントラーズ,,6,50,1.4706,,4165,4378,-213,28,2,-187,0,46,-233,-13,-220,,2142,847,1295,562,484,78,1580,1570,147,-137,1839,754,252,233,,1087,2066,360,351,144,0,,,1457,294392,20,16156,2561,274655,17,0,0,0,0,19737,3,,
浦和,2011,J1,urawa,浦和レッズ,,15,36,1.0588,,5382,5290,92,8,12,88,0,13,75,14,61,,1297,338,959,921,862,59,376,160,0,216,1821,1918,268,21,,1353,1886,615,364,67,55,,,2302,576477,17,33910,3327,576477,17,0,0,0,0,0,0,,
柏,2011,J1,reysol,柏レイソル,,1,72,2.1176,,3543,3391,152,30,21,161,2,0,163,-1,164,,2094,240,1854,1110,1100,10,984,100,932,-48,1878,496,230,74,,865,1919,153,268,36,0,,,1015,202593,17,11917,2448,202593,17,0,0,0,0,0,0,,
川崎,2011,J1,kawasaki,川崎フロンターレ,,11,44,1.2941,,3275,3212,63,18,0,81,0,0,81,39,42,,962,864,98,381,350,31,581,349,31,201,1738,554,213,157,,613,1587,165,239,95,0,,,1126,294776,17,17340,1879,294776,17,0,0,0,0,0,0,,
横浜FM,2011,J1,fmarinos,横浜F・マリノス,,5,56,1.6471,,3463,3975,-512,1,7,-518,0,67,-585,0,-585,,637,475,162,1685,1544,141,-1048,31,6,-1085,1197,795,254,425,,792,1441,322,405,295,0,,,1511,357647,17,21038,2223,357647,17,0,0,0,0,0,0,,
清水,2011,J1,shimizu,清水エスパルス,,10,45,1.3235,,3118,3191,-73,13,4,-64,0,6,-70,7,-77,,1093,331,762,686,386,299,407,550,0,-142,1228,522,237,295,,836,1376,192,195,127,0,,,1301,268614,17,15801,1943,268614,17,0,0,0,0,0,0,,
名古屋,2011,J1,nagoya,名古屋グランパス,,2,71,2.0882,,4196,4231,-35,28,12,-19,0,48,-67,-2,-65,,692,447,245,338,199,139,354,400,0,-46,2136,814,239,250,,757,2167,316,491,174,0,,,1083,311619,20,16741,2612,284590,17,0,0,0,0,27029,3,,
G大阪,2011,J1,gamba,ガンバ大阪,,3,70,2.0588,,3817,3745,72,92,59,105,0,0,105,58,47,,1318,798,520,1089,1048,41,229,10,0,219,1739,597,223,117,,1141,2010,334,336,80,0,,,985,327730,21,16411,1822,278981,17,0,0,0,0,48749,4,,
C大阪,2011,J1,cerezo,セレッソ大阪,,12,43,1.2647,,2527,2570,-43,0,6,-49,0,5,-54,0,-54,,694,394,300,579,490,89,115,315,0,-200,1361,449,223,20,,474,1185,348,184,56,7,,,790,287157,21,14145,1564,240465,17,0,0,0,0,46692,4,,
神戸,2011,J1,vissel,ヴィッセル神戸,,9,46,1.3529,,2059,2149,-90,42,68,-116,0,16,-132,1,-133,,909,621,288,1865,275,1590,-956,98,561,-1615,708,392,206,219,,534,1010,186,243,100,0,,,610,224962,17,13233,1743,224962,17,0,0,0,0,0,0,,
広島,2011,J1,sanfrecce,サンフレッチェ広島,,7,50,1.4706,,2676,2671,5,4,15,-6,0,0,-6,1,-7,,962,690,272,889,821,68,73,2110,0,-2037,1439,458,232,108,,439,1324,218,250,125,0,,,754,224447,17,13203,2041,224447,17,0,0,0,0,0,0,,
福岡,2011,J1,avispa,アビスパ福岡,,17,22,0.6471,降格,1246,1122,124,17,10,131,106,0,131,1,130,,515,229,286,298,200,98,217,125,196,-104,441,308,207,144,,146,428,101,157,71,0,,,365,177054,17,10415,1740,177054,17,0,0,0,0,0,0,,
山形,2011,J1,montedio,モンテディオ山形,,18,21,0.6176,降格,1239,1268,-27,0,0,-27,0,0,-27,0,-27,,161,133,28,212,122,90,-51,0,0,-51,258,282,222,50,,427,706,97,108,62,0,,,293,158527,17,9325,1779,158527,17,0,0,0,0,0,0,,
大宮,2011,J1,ardija,大宮アルディージャ,,13,42,1.2353,,2775,2770,5,2,6,1,0,0,1,1,0,,976,409,567,966,920,46,10,100,240,-330,1924,325,218,150,,158,1314,313,354,61,0,,,728,154681,17,9099,2101,154681,17,0,0,0,0,0,0,,
甲府,2011,J1,ventforet,ヴァンフォーレ甲府,,16,33,0.9706,降格,1465,1400,65,4,8,61,24,0,85,41,44,,573,409,164,296,271,25,276,367,0,-91,635,421,216,29,,164,671,84,149,17,0,,,479,205808,17,12106,2046,205808,17,0,0,0,0,0,0,,
新潟,2011,J1,albirex,アルビレックス新潟,,14,39,1.1471,,2227,2270,-43,131,9,79,0,0,79,7,72,,922,580,342,541,458,83,381,712,0,-331,919,701,219,118,,270,809,276,256,117,26,,,786,442836,17,26049,1583,442836,17,0,0,0,0,0,0,,
磐田,2011,J1,jubilo,ジュビロ磐田,,8,47,1.3824,,3151,2919,232,31,12,251,0,1,250,64,186,,1182,761,421,659,581,78,523,679,0,-156,1695,424,227,31,,774,1299,323,258,47,0,,,992,200525,17,11796,2114,200525,17,0,0,0,0,0,0,,
札幌,2011,J2,consadole,コンサドーレ札幌,,3,68,1.7895,昇格,1297,1383,-86,115,9,20,1,2,19,2,17,,847,764,83,927,244,683,-80,795,0,-875,399,310,102,41,,445,513,205,166,56,0,,,443,199162,19,10482,1557,199162,19,0,0,0,0,0,0,,
FC東京,2011,J2,fctokyo,FC東京,,1,77,2.0263,昇格,3334,3063,271,10,37,244,0,0,244,105,139,,1698,1346,351,535,535,0,1163,1062,0,101,1336,551,110,355,,982,1427,305,198,239,0,,,894,333680,19,17562,1651,333680,19,0,0,0,0,0,0,,
横浜FC,2011,J2,yokohamafc,横浜FC,,18,41,1.0789,,1046,1027,19,2,4,17,0,1,16,1,15,,287,123,164,261,164,97,27,344,115,-432,643,147,99,31,,126,478,75,149,21,0,,,304,109632,19,5770,1341,109632,19,0,0,0,0,0,0,,
湘南,2011,J2,bellmare,湘南ベルマーレ,,14,46,1.2105,,670,991,-321,14,7,-314,188,4,-130,0,-130,,237,133,104,320,245,75,-83,574,205,-862,227,168,91,0,,184,511,62,70,0,0,,,348,131918,19,6943,1274,131918,19,0,0,0,0,0,0,,
徳島,2011,J2,vortis,徳島ヴォルティス,,4,65,1.7105,,967,936,31,8,2,37,0,2,35,13,22,,623,471,152,167,146,20,456,409,0,47,603,90,97,44,,133,490,45,112,19,0,,,271,98925,19,5207,910,98925,19,0,0,0,0,0,0,,
鳥栖,2011,J2,sagan,サガン鳥栖,,2,69,1.8158,昇格,689,826,-137,37,8,-107,3,252,-357,0,-357,,241,128,114,539,447,92,-298,455,305,-1057,253,166,99,37,,135,353,48,101,20,0,,,304,146893,19,7731,1130,146893,19,0,0,0,0,0,0,,
大分,2011,J2,trinita,大分トリニータ,,12,50,1.3158,,960,843,117,9,4,122,13,0,135,1,134,,200,133,67,1118,736,382,-918,469,68,-1455,392,325,92,59,,92,293,67,107,68,0,,,308,166807,19,8779,1948,166807,19,0,0,0,0,0,0,,
水戸,2011,J2,mitohollyhock,水戸ホーリーホック,,17,42,1.1053,,436,387,49,0,2,47,13,54,6,0,6,,153,144,9,133,103,30,20,77,99,-156,135,60,105,37,,99,152,34,54,8,0,,,139,63637,19,3349,943,63637,19,0,0,0,0,0,0,,
栃木,2011,J2,tochigisc,栃木SC,,10,56,1.4737,,748,804,-56,0,0,-56,0,0,-56,1,-57,,119,91,27,114,108,6,5,243,43,-281,306,113,95,44,,190,332,81,118,26,0,,,248,93848,19,4939,1204,93848,19,0,0,0,0,0,0,,
草津,2011,J2,thespa,ザスパ草津,,9,57,1.5,,562,598,-36,17,3,-22,0,1,-23,1,-24,,78,67,11,180,180,0,-102,185,28,-315,213,78,93,49,,129,204,52,108,51,0,,,183,61018,19,3211,1278,61018,19,0,0,0,0,0,0,,
千葉,2011,J2,jefunited,ジェフユナイテッド千葉,,6,58,1.5263,,2422,2200,222,4,13,213,2,134,81,35,46,,1387,384,1003,1082,582,500,305,490,390,-575,1622,368,108,44,,280,1003,162,216,35,36,,,748,183911,19,9680,2001,183911,19,0,0,0,0,0,0,,
東京V,2011,J2,verdy,東京ヴェルディ,,5,59,1.5526,,1075,1069,6,0,0,6,0,0,6,0,6,,215,188,27,208,196,12,7,242,203,-438,522,182,89,85,,197,300,141,256,38,19,,,315,108482,19,5710,1678,108482,19,0,0,0,0,0,0,,
京都,2011,J2,sanga,京都サンガF.C.,,7,58,1.5263,,2140,1896,244,24,14,254,0,0,254,1,253,,1159,985,174,1134,710,424,25,3605,0,-3580,1395,199,100,131,,315,895,174,156,126,0,,,545,119591,19,6294,1664,119591,19,0,0,0,0,0,0,,
岡山,2011,J2,fagiano,ファジアーノ岡山,,13,48,1.2632,,797,808,-11,0,4,-15,0,0,-15,1,-16,,246,217,29,224,219,5,23,76,14,-67,362,127,93,36,,179,363,57,99,16,0,,,273,137911,19,7258,921,137911,19,0,0,0,0,0,0,,
愛媛,2011,J2,ehimefc,愛媛FC,,15,44,1.1579,,499,504,-5,0,2,-7,0,0,-7,0,-7,,213,150,63,30,30,0,183,209,0,-26,175,53,96,51,,124,206,18,70,8,1,,,201,66022,19,3475,803,66022,19,0,0,0,0,0,0,,
北九州,2011,J2,giravanz,ギラヴァンツ北九州,,8,58,1.5263,,521,584,-63,0,2,-65,0,0,-65,0,-65,,114,63,51,150,100,50,-36,143,0,-179,176,78,91,34,,142,222,49,82,16,0,,,215,76976,19,4051,1013,76976,19,0,0,0,0,0,0,,
町田,2011,JFL,zelvia,FC町田ゼルビア,,3,61,1.8485,昇格,242,280,-38,0,3,-41,0,20,-61,0,-61,,135,102,33,132,54,78,3,142,94,-233,117,30,4,24,,67,90,15,36,0,0,,,139,59757,17,3515,502,59757,17,0,0,0,0,0,0,,
松本,2011,JFL,yamaga,松本山雅FC,,4,59,1.7879,昇格,391,389,2,2,0,4,4,7,2,2,0,,127,111,16,24,22,2,103,105,0,-2,194,74,0,0,,123,128,28,47,0,0,,,185,128900,17,7582,574,128900,17,0,0,0,0,0,0,,
札幌,2012,J1,consadole,コンサドーレ札幌,J1,18,14,0.4118,降格,1347,1468,-121,104,19,-36,0,0,-36,2,-38,,751,678,72,788,340,448,-37,876,0,-913,475,397,209,44,,222,495,254,176,58,0,,,485,222192,20,12008,1787,204141,17,18051,3,0,0,0,0,,
仙台,2012,J1,vegalta,ベガルタ仙台,J1,2,57,1.6765,,2303,2271,32,25,1,56,0,4,52,20,32,,1351,858,493,678,447,231,673,454,0,219,770,764,248,86,,435,1079,132,190,75,26,,,769,316812,21,16600,2412,282200,17,34612,4,0,0,0,0,,
鹿島,2012,J1,antlers,鹿島アントラーズ,J1,11,46,1.3529,,4160,4238,-78,16,5,-67,0,0,-67,1,-68,,2085,737,1348,573,476,97,1512,1570,147,-205,1935,720,247,270,,988,1888,358,302,173,0,,,1517,300903,22,15381,2393,261484,17,39419,5,0,0,0,0,,
浦和,2012,J1,urawa,浦和レッズ,J1,3,55,1.6176,,5353,5202,150,7,5,152,0,0,152,1,151,,1129,303,826,602,528,74,527,160,0,367,2121,1988,267,18,,959,1910,449,412,101,65,,,2265,676303,20,36634,2940,622772,17,53531,3,0,0,0,0,,
柏,2012,J1,reysol,柏レイソル,J1,6,52,1.5294,,3551,3527,24,13,33,4,0,0,4,-6,10,,2456,214,2242,1462,1453,9,994,100,932,-38,1989,576,234,74,,678,2047,174,225,38,0,,,1043,279555,22,13768,2060,234064,17,20437,2,0,0,25054,3,,
FC東京,2012,J1,fctokyo,FC東京,J1,10,48,1.4118,,3865,3622,243,40,4,279,0,0,279,134,145,,1870,1509,361,541,541,0,1329,1064,0,265,1385,817,227,419,,1017,1574,427,337,245,0,,,1039,460302,22,23955,1775,407243,17,20920,2,0,0,32139,3,,
川崎,2012,J1,kawasaki,川崎フロンターレ,J1,8,50,1.4706,,3073,3005,68,2,1,69,0,0,69,36,33,,988,890,98,374,334,40,614,349,31,234,1373,558,214,158,,770,1428,179,235,73,0,,,1090,332483,20,17807,1678,302719,17,29764,3,0,0,0,0,,
横浜FM,2012,J1,fmarinos,横浜F・マリノス,J1,4,53,1.5588,,3717,4217,-500,12,10,-499,0,130,-628,0,-629,,491,480,11,2168,2017,151,-1677,31,0,-1708,1364,783,220,458,,892,1601,331,442,315,0,,,1528,412264,20,22946,1899,390078,17,22186,3,0,0,0,0,,
清水,2012,J1,shimizu,清水エスパルス,J1,9,49,1.4412,,3449,3324,124,37,4,157,0,0,157,27,129,,1098,411,687,561,344,217,537,550,0,-13,1223,623,237,315,,1051,1281,248,215,136,0,,,1444,302756,22,15121,2058,257054,17,45702,5,0,0,0,0,,
名古屋,2012,J1,nagoya,名古屋グランパス,J1,7,52,1.5294,,3993,4287,-295,27,18,-286,0,0,-286,-29,-257,,969,626,343,876,719,157,93,400,0,-307,2145,799,226,275,,548,2009,319,488,208,0,,,1263,316674,21,17155,2523,291632,17,7313,1,0,0,17729,3,,
G大阪,2012,J1,gamba,ガンバ大阪,J1,17,38,1.1176,降格,3285,3352,-67,35,-36,4,0,0,4,0,4,,972,493,479,740,692,48,232,10,0,222,1840,529,232,123,,561,1707,321,267,102,0,,,955,280810,21,14778,1884,251232,17,7083,1,0,0,22495,3,,
C大阪,2012,J1,cerezo,セレッソ大阪,J1,14,42,1.2353,,2618,2546,72,1,4,69,0,6,63,0,63,,722,440,282,543,471,72,179,315,0,-136,1120,495,228,0,,775,969,290,538,0,0,,,749,317611,21,16913,1559,287524,17,30087,4,0,0,0,0,,
神戸,2012,J1,vissel,ヴィッセル神戸,J1,16,39,1.1471,降格,2250,2364,-114,18,14,-110,0,185,-295,1,-296,,788,536,252,2040,350,1690,-1252,98,561,-1911,742,454,202,225,,627,1157,176,264,107,0,,,660,261743,20,14638,1735,248853,17,12890,3,0,0,0,0,,
広島,2012,J1,sanfrecce,サンフレッチェ広島,J1,1,64,1.8824,,3176,2949,227,11,13,225,0,0,225,2,223,,1203,922,281,708,461,247,495,220,52,223,1406,551,239,100,,880,1412,239,254,132,0,,,912,325028,20,17721,1695,301249,17,23779,3,0,0,0,0,,
鳥栖,2012,J1,sagan,サガン鳥栖,J1,5,53,1.5588,,1454,1362,93,41,9,125,0,35,90,0,90,,441,379,62,349,312,37,92,605,454,-967,493,495,202,45,,219,610,116,75,20,0,,,541,220383,20,11991,2246,203844,17,16539,3,0,0,0,0,,
大宮,2012,J1,ardija,大宮アルディージャ,J1,13,44,1.2941,,3344,3348,-4,12,7,1,0,0,1,1,0,,1505,414,1091,1494,853,641,11,100,240,-329,2172,329,208,143,,492,1787,288,387,59,0,,,827,197239,20,10637,1668,180831,17,16408,3,0,0,0,0,,
新潟,2012,J1,albirex,アルビレックス新潟,J1,15,40,1.1765,,2405,2450,-45,134,10,79,0,0,79,35,44,,970,605,365,545,482,63,425,712,0,-287,941,661,220,137,,446,940,281,282,122,34,,,791,451117,20,25018,1465,425309,17,25808,3,0,0,0,0,,
磐田,2012,J1,jubilo,ジュビロ磐田,J1,12,46,1.3529,,3391,3174,217,24,5,236,0,0,236,66,170,,1340,885,455,648,580,68,692,679,0,13,1674,403,233,149,,932,1437,309,253,162,0,,,1013,245303,20,13122,1643,223071,17,22232,3,0,0,0,0,,
横浜FC,2012,J2,yokohamafc,横浜FC,J1,4,73,1.7381,,1054,1048,6,0,4,2,0,0,2,0,2,,304,162,142,275,148,127,29,344,115,-430,576,208,102,40,,128,490,85,110,61,0,,,302,137404,22,6039,1514,126810,21,0,0,10594,1,0,0,,
湘南,2012,J2,bellmare,湘南ベルマーレ,J1,2,75,1.7857,昇格,869,873,-4,12,4,4,0,0,4,0,4,,302,206,96,270,205,65,32,630,261,-859,330,203,89,0,,247,366,67,75,0,0,,,365,143887,21,6852,1411,143887,21,0,0,0,0,0,0,,
徳島,2012,J2,vortis,徳島ヴォルティス,J1,15,51,1.2143,,1050,976,74,19,1,91,0,1,90,39,52,,648,501,147,140,117,23,508,409,0,99,709,84,89,49,,121,489,52,132,18,0,,,285,83808,21,3991,1002,83808,21,0,0,0,0,0,0,,
福岡,2012,J2,avispa,アビスパ福岡,J1,18,41,0.9762,,854,1015,-161,14,10,-157,0,0,-157,1,-158,,415,141,274,355,283,72,60,126,196,-262,301,170,95,172,,116,411,86,155,63,0,,,300,117309,21,5586,1449,117309,21,0,0,0,0,0,0,,
大分,2012,J2,trinita,大分トリニータ,J1,6,71,1.6905,昇格,986,883,103,13,9,107,224,0,331,1,330,,205,146,59,792,473,319,-587,469,68,-1124,452,285,83,53,,113,298,67,123,71,3,,,321,204134,21,9721,1396,204134,21,0,0,0,0,0,0,,
山形,2012,J2,montedio,モンテディオ山形,J1,10,61,1.4524,,1047,982,65,0,0,65,0,0,65,0,65,,131,116,15,117,117,0,14,0,0,0,253,223,95,57,,419,459,77,109,68,0,,,269,154459,21,7355,1444,154459,21,0,0,0,0,0,0,,
水戸,2012,J2,mitohollyhock,水戸ホーリーホック,J2,13,56,1.3333,,483,479,4,1,1,4,25,1,28,0,28,,168,142,26,112,87,25,56,80,103,-127,169,82,90,35,,107,205,30,68,11,0,,,165,83431,21,3973,983,83431,21,0,0,0,0,0,0,,
栃木,2012,J2,tochigisc,栃木SC,J1,11,60,1.4286,,791,907,-116,2,1,-115,0,0,-115,1,-116,,159,119,40,215,211,4,-56,285,85,-426,418,131,96,29,,118,338,92,143,30,0,,,303,80859,21,3850,1620,80859,21,0,0,0,0,0,0,,
草津,2012,J2,thespa,ザスパクサツ群馬,J2,17,47,1.119,,496,536,-40,12,3,-31,1,2,-32,1,-33,,110,100,10,197,197,0,-87,208,53,-348,226,80,87,6,,97,184,54,91,24,0,,,183,70159,21,3341,1140,70159,21,0,0,0,0,0,0,,
千葉,2012,J2,jefunited,ジェフユナイテッド千葉,J1,5,72,1.7143,,2408,2232,176,4,10,170,0,32,138,0,138,,1361,364,997,919,513,406,442,490,390,-438,1617,341,110,53,,287,1038,147,230,53,69,,,696,194893,21,9281,1750,194893,21,0,0,0,0,0,0,,
東京V,2012,J2,verdy,東京ヴェルディ,J1,7,66,1.5714,,1470,1463,7,0,2,5,0,0,5,0,5,,393,361,32,361,299,62,32,252,213,-433,548,170,87,134,,531,369,284,290,59,29,,,432,112158,21,5341,1516,112158,21,0,0,0,0,0,0,,
町田,2012,J2,zelvia,FC町田ゼルビア,J2,22,32,0.7619,降格,493,476,17,1,2,16,0,0,16,1,15,,170,134,36,152,78,74,18,142,95,-219,202,69,95,24,,103,152,84,63,0,0,,,177,76169,21,3627,906,76169,21,0,0,0,0,0,0,,
甲府,2012,J2,ventforet,ヴァンフォーレ甲府,J1,1,86,2.0476,昇格,1179,1148,31,15,9,37,0,0,37,22,15,,606,406,200,314,285,29,292,367,0,-75,554,291,103,26,,205,476,66,170,18,0,,,418,218539,21,10407,1332,218539,21,0,0,0,0,0,0,,
松本,2012,J2,yamaga,松本山雅FC,J1,12,59,1.4048,,893,827,66,4,0,70,0,0,70,31,39,,221,201,20,56,55,1,165,128,0,37,368,188,118,0,,219,284,83,120,0,0,,,339,200143,21,9531,939,200143,21,0,0,0,0,0,0,,
京都,2012,J2,sanga,京都サンガF.C.,J1,3,74,1.7619,,2039,1521,518,13,166,365,0,8,357,60,297,,1314,1199,115,992,765,227,322,3605,0,-3283,1354,250,89,129,,217,591,134,166,126,0,,,504,163492,22,7273,1529,152732,21,0,0,10760,1,0,0,,
岡山,2012,J2,fagiano,ファジアーノ岡山,J1,8,65,1.5476,,878,848,30,0,4,26,0,0,26,0,26,,351,326,25,259,256,3,92,98,36,-42,415,141,93,48,,181,389,67,75,20,0,,,297,167691,21,7985,841,167691,21,0,0,0,0,0,0,,
愛媛,2012,J2,ehimefc,愛媛FC,J2,16,50,1.1905,,504,546,-42,2,1,-41,0,2,-43,0,-43,,165,109,56,25,25,0,140,209,0,-69,198,51,114,42,,99,253,27,95,27,0,,,144,76201,21,3629,669,76201,21,0,0,0,0,0,0,,
北九州,2012,J2,giravanz,ギラヴァンツ北九州,J2,9,64,1.5238,,682,675,7,0,2,5,0,3,2,0,2,,143,105,38,173,124,49,-30,147,0,-177,252,98,86,44,,202,259,44,102,18,0,,,252,70274,21,3346,1395,70274,21,0,0,0,0,0,0,,
仙台,2013,J1,vegalta,ベガルタ仙台,J1,13,45,1.3235,,2429,2431,-2,30,1,27,0,0,27,18,9,,1208,630,578,527,180,347,681,454,0,227,901,757,225,88,,458,1169,144,189,68,56,,,805,294222,21,14866,2573,252725,17,11176,1,0,0,30321,3,,
鹿島,2013,J1,antlers,鹿島アントラーズ,J1,5,59,1.7353,,4122,4081,41,47,2,86,0,0,86,8,78,,2139,925,1214,549,455,94,1590,1570,147,-127,1864,748,235,269,,1006,1701,384,310,166,0,,,1520,313498,21,16419,2386,279115,17,34383,4,0,0,0,0,,
浦和,2013,J1,urawa,浦和レッズ,J1,6,58,1.7059,,5786,5633,153,12,3,161,0,0,161,69,92,,1279,562,717,659,574,86,620,160,0,460,2319,2132,258,15,,1062,2016,497,434,102,62,,,2522,745579,22,37100,2860,630701,17,49940,2,0,0,64938,3,,
柏,2013,J1,reysol,柏レイソル,J1,10,48,1.4118,,3412,3380,32,16,35,13,0,0,13,10,3,,2238,182,2056,1241,1232,9,997,100,932,-35,1947,646,204,71,,544,2118,198,266,40,0,,,758,283665,25,12553,2277,213406,17,18307,2,0,0,51952,6,,
FC東京,2013,J1,fctokyo,FC東京,J1,8,54,1.5882,,3545,3482,63,29,3,89,0,0,89,22,67,,1957,1839,118,560,560,0,1397,1065,0,332,1422,788,206,422,,707,1637,373,284,255,0,,,933,459909,20,25073,1713,426246,17,33663,3,0,0,0,0,,
川崎,2013,J1,kawasaki,川崎フロンターレ,J1,3,60,1.7647,,3214,3170,44,2,0,46,0,0,46,25,21,,1241,807,434,607,495,112,635,349,31,255,1702,540,218,164,,590,1557,174,262,75,0,,,1102,336894,22,16644,1603,282952,17,53942,5,0,0,0,0,,
横浜FM,2013,J1,fmarinos,横浜F・マリノス,J1,2,62,1.8235,,4315,4306,9,3,12,0,1000,0,1000,0,1000,,1778,1711,67,2456,2301,155,-677,31,0,-708,1513,1069,228,455,,1048,1701,341,443,314,0,,,1506,518049,22,27496,2064,467425,17,50624,5,0,0,0,0,,
湘南,2013,J1,bellmare,湘南ベルマーレ,J1,16,25,0.7353,降格,1191,1211,-20,12,3,-11,0,0,-11,0,-11,,338,248,90,318,259,59,20,630,260,-870,387,263,191,0,,350,530,82,98,0,0,,,501,185265,20,9911,1420,168481,17,16784,3,0,0,0,0,,
清水,2013,J1,shimizu,清水エスパルス,J1,9,50,1.4706,,3084,3140,-56,19,2,-39,0,0,-39,1,-40,,1041,333,707,544,380,163,496,550,0,-53,1219,523,225,319,,798,1251,208,228,197,0,,,1256,262778,20,14137,1990,240324,17,22454,3,0,0,0,0,,
名古屋,2013,J1,nagoya,名古屋グランパス,J1,11,47,1.3824,,4226,4304,-78,24,4,-58,0,0,-58,20,-78,,589,254,335,575,403,172,14,400,0,-386,2457,736,221,258,,555,2348,283,448,191,0,,,1034,291036,20,16135,2529,274297,17,16739,3,0,0,0,0,,
C大阪,2013,J1,cerezo,セレッソ大阪,J1,4,59,1.7353,,3213,3201,12,0,4,8,0,0,8,2,6,,784,470,314,599,539,60,185,315,0,-130,1499,954,220,0,,540,1212,464,652,0,0,,,873,361103,21,18819,2642,319928,17,41175,4,0,0,0,0,,
広島,2013,J1,sanfrecce,サンフレッチェ広島,J1,1,63,1.8529,,3198,3072,126,26,5,147,0,0,147,17,130,,1134,851,283,509,455,54,625,220,52,353,1373,541,232,99,,953,1449,263,279,126,0,,,954,302674,21,16209,1787,275556,17,9427,1,0,0,17691,3,,
鳥栖,2013,J1,sagan,サガン鳥栖,J1,12,46,1.3529,,1704,2039,-335,38,0,-297,0,0,-297,2,-299,,217,159,58,425,403,22,-207,605,454,-1266,632,548,234,74,,216,1012,273,129,23,0,,,602,218326,20,12026,2510,204438,17,13888,3,0,0,0,0,,
大分,2013,J1,trinita,大分トリニータ,J1,18,14,0.4118,降格,1406,1191,215,13,6,222,0,1,221,0,221,,241,186,55,606,375,231,-364,2,0,-366,680,370,202,48,,106,556,75,144,70,2,,,344,218700,20,11915,1692,202557,17,16143,3,0,0,0,0,,
大宮,2013,J1,ardija,大宮アルディージャ,J1,14,45,1.3235,,3228,3226,2,9,10,1,0,0,1,1,0,,1236,324,912,1225,587,638,11,100,240,-329,2296,341,214,142,,235,1606,226,472,68,0,,,854,204189,20,11138,1670,189342,17,14847,3,0,0,0,0,,
甲府,2013,J1,ventforet,ヴァンフォーレ甲府,J1,15,37,1.0882,,1481,1460,21,9,6,24,7,20,11,8,3,,568,354,214,273,237,36,295,367,0,-72,683,403,208,36,,151,707,101,172,21,0,,,459,233358,20,12614,1727,214441,17,18917,3,0,0,0,0,,
新潟,2013,J1,albirex,アルビレックス新潟,J1,7,55,1.6176,,2548,2636,-88,148,9,51,0,0,51,22,29,,905,561,344,450,340,110,455,712,0,-257,963,674,215,143,,553,1077,283,277,128,39,,,832,470805,20,26112,1432,443906,17,26899,3,0,0,0,0,,
磐田,2013,J1,jubilo,ジュビロ磐田,J1,17,23,0.6765,降格,3298,3233,65,23,5,83,0,1,82,37,45,,1286,758,528,548,486,62,738,679,0,59,1645,446,206,249,,752,1369,328,253,182,0,,,1101,205908,20,10895,2166,185207,17,20701,3,0,0,0,0,,
札幌,2013,J2,consadole,コンサドーレ札幌,J1,8,64,1.5238,,1071,1236,-165,180,7,8,0,0,8,2,6,,685,618,67,716,165,551,-31,876,0,-907,432,330,103,54,,152,359,212,176,59,0,,,430,211568,21,10075,1560,211568,21,0,0,0,0,0,0,,
横浜FC,2013,J2,yokohamafc,横浜FC,J1,11,58,1.381,,1152,1130,22,0,0,23,0,18,5,2,3,,493,355,138,461,360,101,32,344,115,-427,579,177,92,46,,258,482,71,185,38,0,,,353,127354,21,6064,1390,127354,21,0,0,0,0,0,0,,
G大阪,2013,J2,gamba,ガンバ大阪,J1,1,87,2.0714,昇格,2786,2839,-53,29,-35,11,0,0,11,74,-63,,735,299,436,566,516,50,169,10,0,159,1696,465,105,138,,382,1486,233,194,114,0,,,812,257996,21,12286,1802,257996,21,0,0,0,0,0,0,,
神戸,2013,J2,vissel,ヴィッセル神戸,J1,2,83,1.9762,昇格,1960,2401,-441,12,5,-434,68,3,-369,1,-370,,610,383,227,2231,240,1991,-1622,98,563,-2283,682,339,104,231,,604,1160,187,304,115,0,,,635,241841,21,11516,1402,241841,21,0,0,0,0,0,0,,
徳島,2013,J2,vortis,徳島ヴォルティス,J1,4,67,1.5952,昇格,1211,1148,64,6,1,68,0,0,68,34,35,,760,602,158,217,197,20,543,409,0,134,821,105,95,58,,133,601,52,142,28,0,,,325,100604,22,4348,1044,91303,21,0,0,9301,1,0,0,,
福岡,2013,J2,avispa,アビスパ福岡,J1,14,56,1.3333,,871,966,-95,19,10,-86,0,0,-86,1,-87,,345,86,259,373,328,45,-28,126,196,-350,324,180,94,171,,102,390,73,161,58,0,,,284,120270,21,5727,1497,120270,21,0,0,0,0,0,0,,
山形,2013,J2,montedio,モンテディオ山形,J1,10,59,1.4048,,1041,1030,11,0,0,11,0,0,11,0,11,,143,131,12,118,118,0,25,0,0,0,258,202,99,61,,421,468,63,137,64,0,,,298,147416,21,7020,1370,147416,21,0,0,0,0,0,0,,
水戸,2013,J2,mitohollyhock,水戸ホーリーホック,J2,15,55,1.3095,,508,507,1,2,1,2,2,0,4,0,4,,161,142,19,101,82,19,60,80,103,-123,189,90,90,38,,101,230,35,65,10,0,,,167,97237,21,4630,926,97237,21,0,0,0,0,0,0,,
栃木,2013,J2,tochigisc,栃木SC,J1,9,63,1.5,,876,955,-78,1,2,-79,35,1,-45,2,-47,,280,258,22,343,331,12,-63,305,105,-473,474,145,95,64,,99,410,76,110,32,0,,,326,103360,21,4922,1403,103360,21,0,0,0,0,0,0,,
群馬,2013,J2,thespa,ザスパクサツ群馬,J1,20,40,0.9524,,469,494,-25,11,3,-17,0,0,-17,1,-18,,119,108,11,175,175,0,-56,234,76,-366,217,84,93,4,,72,163,58,78,9,0,,,186,74990,21,3571,1120,74990,21,0,0,0,0,0,0,,
千葉,2013,J2,jefunited,ジェフユナイテッド千葉,J1,5,66,1.5714,,2330,2217,113,3,8,108,0,0,107,10,97,,1375,311,1064,835,509,325,540,490,390,-340,1515,353,100,55,,307,994,146,262,73,66,,,676,210078,21,10004,1680,210078,21,0,0,0,0,0,0,,
東京V,2013,J2,verdy,東京ヴェルディ,J1,13,56,1.3333,,1236,1303,-67,0,2,-69,0,1,-70,0,-70,,398,376,22,389,309,80,9,276,237,-504,534,204,89,174,,235,357,144,260,91,36,,,415,133201,21,6343,1532,133201,21,0,0,0,0,0,0,,
松本,2013,J2,yamaga,松本山雅FC,J1,7,66,1.5714,,939,939,0,4,0,4,0,0,4,2,2,,222,163,59,55,52,3,167,128,0,39,386,199,99,5,,249,368,100,115,5,0,,,352,231866,21,11041,858,231866,21,0,0,0,0,0,0,,
京都,2013,J2,sanga,京都サンガF.C.,J1,3,70,1.6667,,1930,1681,249,17,3,263,0,0,263,112,151,,1045,943,102,572,542,30,473,3605,0,-3132,1235,260,107,134,,194,692,135,156,145,0,,,553,178104,22,7891,1460,165717,21,0,0,12387,1,0,0,,
岡山,2013,J2,fagiano,ファジアーノ岡山,J1,12,56,1.3333,,1034,994,40,0,5,35,0,0,35,1,34,,420,386,34,293,283,10,127,98,36,-7,439,161,98,75,,261,411,70,81,18,0,,,414,180056,21,8574,894,180056,21,0,0,0,0,0,0,,
愛媛,2013,J2,ehimefc,愛媛FC,J1,17,47,1.119,,522,582,-60,0,0,-60,1,2,-61,1,-62,,107,72,35,31,31,0,76,209,-1,-132,217,56,110,47,,92,255,29,104,30,5,,,159,82952,21,3950,675,82952,21,0,0,0,0,0,0,,
北九州,2013,J2,giravanz,ギラヴァンツ北九州,J2,16,49,1.1667,,686,673,14,0,2,12,0,0,12,1,11,,133,105,28,144,101,43,-11,156,0,-166,272,88,90,50,,186,249,48,99,26,0,,,251,66665,21,3175,1320,66665,21,0,0,0,0,0,0,,
長崎,2013,J2,vvaren,V・ファーレン長崎,J1,6,66,1.5714,,718,728,-9,0,2,-11,0,0,-11,0,-11,,218,192,26,187,185,2,31,221,0,-190,248,132,100,36,,203,229,115,78,26,0,,,279,129517,21,6167,1019,129517,21,0,0,0,0,0,0,,
秋田,2013,JFL,braublitz,ブラウブリッツ秋田,J3,8,50,1.4706,,188,207,-20,26,2,4,0,0,4,0,4,,27,9,18,114,31,83,-87,56,0,-143,103,11,6,27,,41,70,4,29,12,2,,,90,30057,17,1768,366,30057,17,0,0,0,0,0,0,,
町田,2013,JFL,zelvia,FC町田ゼルビア,J2,4,61,1.7941,,363,357,6,1,4,3,0,0,3,1,2,,111,75,36,91,19,72,20,142,95,-217,204,32,52,6,,69,115,32,49,13,0,,,148,53956,17,3174,593,53956,17,0,0,0,0,0,0,,
相模原,2013,JFL,scsagamihara,SC相模原,J3,3,61,1.7941,,111,115,-4,4,1,-1,0,0,-1,0,-1,,27,23,4,27,23,4,0,9,0,-8,81,15,0,0,,15,35,7,15,0,0,,,58,32705,17,1924,459,32705,17,0,0,0,0,0,0,,
金沢,2013,JFL,zweigen,ツエーゲン金沢,J2,7,50,1.4706,,278,277,0,2,0,2,0,0,2,0,2,,65,42,23,18,18,0,47,100,0,-53,189,8,0,21,,60,100,22,41,13,0,,,101,35074,17,2063,228,35074,17,0,0,0,0,0,0,,
琉球,2013,JFL,fcryukyu,FC琉球,J3,11,46,1.3529,,66,146,-80,3,0,-77,0,0,-77,0,-78,,82,73,9,39,39,0,43,121,0,-78,23,5,0,9,,29,59,3,14,3,0,,,66,35180,17,2069,142,35180,17,0,0,0,0,0,0,,